{"accuracy": 0.6915, "f1": 0.01594896331738437, "precision": 0.25, "recall": 0.008237232289950576}